-- Thêm nguyên liệu vào bảng ingredients
INSERT INTO ingredients (ingredientID, ingredientName) VALUES (NULL, 'hành lá');
INSERT INTO ingredients (ingredientID, ingredientName) VALUES (NULL, 'tỏi');
INSERT INTO ingredients (ingredientID, ingredientName) VALUES (NULL, 'ớt');
INSERT INTO ingredients (ingredientID, ingredientName) VALUES (NULL, 'nước mắm');
INSERT INTO ingredients (ingredientID, ingredientName) VALUES (NULL, 'đường');
INSERT INTO ingredients (ingredientID, ingredientName) VALUES (NULL, 'muối');
INSERT INTO ingredients (ingredientID, ingredientName) VALUES (NULL, 'ớt bột');
INSERT INTO ingredients (ingredientID, ingredientName) VALUES (NULL, 'bột ngọt');
INSERT INTO ingredients (ingredientID, ingredientName) VALUES (NULL, 'bún');
INSERT INTO ingredients (ingredientID, ingredientName) VALUES (NULL, 'gạo');
INSERT INTO ingredients (ingredientID, ingredientName) VALUES (NULL, 'mỡ');
INSERT INTO ingredients (ingredientID, ingredientName) VALUES (NULL, 'dầu ăn');
INSERT INTO ingredients (ingredientID, ingredientName) VALUES (NULL, 'bắp cải');
INSERT INTO ingredients (ingredientID, ingredientName) VALUES (NULL, 'cà chua');
INSERT INTO ingredients (ingredientID, ingredientName) VALUES (NULL, 'bí đỏ');
INSERT INTO ingredients (ingredientID, ingredientName) VALUES (NULL, 'cà rốt');
INSERT INTO ingredients (ingredientID, ingredientName) VALUES (NULL, 'nấm');
INSERT INTO ingredients (ingredientID, ingredientName) VALUES (NULL, 'rau cải');
INSERT INTO ingredients (ingredientID, ingredientName) VALUES (NULL, 'rau muống');
INSERT INTO ingredients (ingredientID, ingredientName) VALUES (NULL, 'rau mùi');
INSERT INTO ingredients (ingredientID, ingredientName) VALUES (NULL, 'rau xà lách');
INSERT INTO ingredients (ingredientID, ingredientName) VALUES (NULL, 'rau bina');
INSERT INTO ingredients (ingredientID, ingredientName) VALUES (NULL, 'rau cải thảo');
INSERT INTO ingredients (ingredientID, ingredientName) VALUES (NULL, 'rau răm');
INSERT INTO ingredients (ingredientID, ingredientName) VALUES (NULL, 'rau ngổ');
INSERT INTO ingredients (ingredientID, ingredientName) VALUES (NULL, 'rau cần tàu');
INSERT INTO ingredients (ingredientID, ingredientName) VALUES (NULL, 'rau diếp');
INSERT INTO ingredients (ingredientID, ingredientName) VALUES (NULL, 'rau mùng');
INSERT INTO ingredients (ingredientID, ingredientName) VALUES (NULL, 'rau dền');
INSERT INTO ingredients (ingredientID, ingredientName) VALUES (NULL, 'rau đay');
INSERT INTO ingredients (ingredientID, ingredientName) VALUES (NULL, 'rau húng');
INSERT INTO ingredients (ingredientID, ingredientName) VALUES (NULL, 'rau dền đỏ');
INSERT INTO ingredients (ingredientID, ingredientName) VALUES (NULL, 'rau dền trắng');
INSERT INTO ingredients (ingredientID, ingredientName) VALUES (NULL, 'rau cải bó xôi');
INSERT INTO ingredients (ingredientID, ingredientName) VALUES (NULL, 'rau xôi');
INSERT INTO ingredients (ingredientID, ingredientName) VALUES (NULL, 'rau mùi tàu');
INSERT INTO ingredients (ingredientID, ingredientName) VALUES (NULL, 'rau cải xoăn');
INSERT INTO ingredients (ingredientID, ingredientName) VALUES (NULL, 'rau dền mảy');
INSERT INTO ingredients (ingredientID, ingredientName) VALUES (NULL, 'rau dền lá đỏ');
INSERT INTO ingredients (ingredientID, ingredientName) VALUES (NULL, 'rau dền lá xanh');
INSERT INTO ingredients (ingredientID, ingredientName) VALUES (NULL, 'rau bina nhỏ');
INSERT INTO ingredients (ingredientID, ingredientName) VALUES (NULL, 'rau bina lớn');
INSERT INTO ingredients (ingredientID, ingredientName) VALUES (NULL, 'rau dền mảnh');
INSERT INTO ingredients (ingredientID, ingredientName) VALUES (NULL, 'rau dền bào');
INSERT INTO ingredients (ingredientID, ingredientName) VALUES (NULL, 'rau dền tươi');
INSERT INTO ingredients (ingredientID, ingredientName) VALUES (NULL, 'rau mùng bìa');
INSERT INTO ingredients (ingredientID, ingredientName) VALUES (NULL, 'rau mùng tươi');
INSERT INTO ingredients (ingredientID, ingredientName) VALUES (NULL, 'rau mùng ống');
INSERT INTO ingredients (ingredientID, ingredientName) VALUES (NULL, 'tinh bột nghệ');
INSERT INTO ingredients (ingredientID, ingredientName) VALUES (NULL, 'tinh bột sắn dây');
INSERT INTO ingredients (ingredientID, ingredientName) VALUES (NULL, 'mì sợi');
INSERT INTO ingredients (ingredientID, ingredientName) VALUES (NULL, 'dầu ăn ăn mì');
INSERT INTO ingredients (ingredientID, ingredientName) VALUES (NULL, 'nếp');
INSERT INTO ingredients (ingredientID, ingredientName) VALUES (NULL, 'sốt cà chua');
INSERT INTO ingredients (ingredientID, ingredientName) VALUES (NULL, 'sốt ớt');
INSERT INTO ingredients (ingredientID, ingredientName) VALUES (NULL, 'đậu phụ');
INSERT INTO ingredients (ingredientID, ingredientName) VALUES (NULL, 'bánh tráng');
INSERT INTO ingredients (ingredientID, ingredientName) VALUES (NULL, 'bánh mì');
INSERT INTO ingredients (ingredientID, ingredientName) VALUES (NULL, 'bột gạo');
INSERT INTO ingredients (ingredientID, ingredientName) VALUES (NULL, 'bột mì');
INSERT INTO ingredients (ingredientID, ingredientName) VALUES (NULL, 'bột bắp');
INSERT INTO ingredients (ingredientID, ingredientName) VALUES (NULL, 'bột nếp');
INSERT INTO ingredients (ingredientID, ingredientName) VALUES (NULL, 'đậu hủ');
INSERT INTO ingredients (ingredientID, ingredientName) VALUES (NULL, 'mỳ ý');
INSERT INTO ingredients (ingredientID, ingredientName) VALUES (NULL, 'mỳ gói');
INSERT INTO ingredients (ingredientID, ingredientName) VALUES (NULL, 'mỳ trứng');
INSERT INTO ingredients (ingredientID, ingredientName) VALUES (NULL, 'Rong biển');
INSERT INTO ingredients (ingredientID, ingredientName) VALUES (NULL, 'Xoài');
INSERT INTO ingredients (ingredientID, ingredientName) VALUES (NULL, 'Mảng cầu');
INSERT INTO ingredients (ingredientID, ingredientName) VALUES (NULL, 'Táo');
INSERT INTO ingredients (ingredientID, ingredientName) VALUES (NULL, 'Ổi');
INSERT INTO ingredients (ingredientID, ingredientName) VALUES (NULL, 'Sầu riêng');
INSERT INTO ingredients (ingredientID, ingredientName) VALUES (NULL, 'Kem');
INSERT INTO ingredients (ingredientID, ingredientName) VALUES (NULL, 'Trứng cút');
INSERT INTO ingredients (ingredientID, ingredientName) VALUES (NULL, 'Trứng gà');
INSERT INTO ingredients (ingredientID, ingredientName) VALUES (NULL, 'Trứng vịt');
INSERT INTO ingredients (ingredientID, ingredientName) VALUES (NULL, 'Dứa');
INSERT INTO ingredients (ingredientID, ingredientName) VALUES (NULL, 'Dừa');
INSERT INTO ingredients (ingredientID, ingredientName) VALUES (NULL, 'Phô mai');
INSERT INTO ingredients (ingredientID, ingredientName) VALUES (NULL, 'Thịt heo');
INSERT INTO ingredients (ingredientID, ingredientName) VALUES (NULL, 'Thịt gà');
INSERT INTO ingredients (ingredientID, ingredientName) VALUES (NULL, 'Thịt bò');
INSERT INTO ingredients (ingredientID, ingredientName) VALUES (NULL, 'Thịt thỏ');


-- Thêm loại món ăn vào bảng typeDishs
INSERT INTO typeDishs (typeID, typeName) VALUES (NULL, 'món Hàn');
INSERT INTO typeDishs (typeID, typeName) VALUES (NULL, 'món Việt');
INSERT INTO typeDishs (typeID, typeName) VALUES (NULL, 'món Trung');
INSERT INTO typeDishs (typeID, typeName) VALUES (NULL, 'món Nhật');
INSERT INTO typeDishs (typeID, typeName) VALUES (NULL, 'món Ý');
INSERT INTO typeDishs (typeID, typeName) VALUES (NULL, 'món Pháp');
INSERT INTO typeDishs (typeID, typeName) VALUES (NULL, 'món Thái');
INSERT INTO typeDishs (typeID, typeName) VALUES (NULL, 'món Ấn');
INSERT INTO typeDishs (typeID, typeName) VALUES (NULL, 'siêu cay');
INSERT INTO typeDishs (typeID, typeName) VALUES (NULL, 'ăn kiêng');
INSERT INTO typeDishs (typeID, typeName) VALUES (NULL, 'ăn chay');
INSERT INTO typeDishs (typeID, typeName) VALUES (NULL, 'lạnh');
INSERT INTO typeDishs (typeID, typeName) VALUES (NULL, 'nước dùng');
INSERT INTO typeDishs (typeID, typeName) VALUES (NULL, 'hấp');
INSERT INTO typeDishs (typeID, typeName) VALUES (NULL, 'nướng');
INSERT INTO typeDishs (typeID, typeName) VALUES (NULL, 'xào');
INSERT INTO typeDishs (typeID, typeName) VALUES (NULL, 'luộc');
INSERT INTO typeDishs (typeID, typeName) VALUES (NULL, 'món nhanh');
INSERT INTO typeDishs (typeID, typeName) VALUES (NULL, 'tráng miệng');
INSERT INTO typeDishs (typeID, typeName) VALUES (NULL, 'khai vị');
INSERT INTO typeDishs (typeID, typeName) VALUES (NULL, 'chính');
INSERT INTO typeDishs (typeID, typeName) VALUES (NULL, 'ăn nhẹ');


-- Thêm loại món ăn vào bảng dishs
-- Chèn món ăn "Phở gà"
INSERT INTO `dishs` (`dishID`, `dishName`, `summary`, `url`, `isDelete`, `created_at`, `updated_at`) 
VALUES ('fd45s3fd5g4sdf543', 'Phở gà', 'Món ăn truyền thống của Việt Nam, phở gà được làm từ nước dùng phở thơm ngon và thịt gà thái mỏng.', 'thêm sau', '0', current_timestamp(), current_timestamp());
INSERT INTO `dishingredients` (`dishID`, `ingredientID`, `amount`, `unit`) 
VALUES ('fd45s3fd5g4sdf543', '10', '500', 'gram'), ('fd45s3fd5g4sdf543', '132', '300', 'gram'), ('fd45s3fd5g4sdf543', '9', '200', 'gram'), ('fd45s3fd5g4sdf543', '6', '10', 'gram'), ('fd45s3fd5g4sdf543', '4', '50', 'ml'), ('fd45s3fd5g4sdf543', '2', '4', 'quả');
INSERT INTO `dishtypes` (`dishID`, `typeID`) 
VALUES ('fd45s3fd5g4sdf543', '2'), ('fd45s3fd5g4sdf543', '21'), ('fd45s3fd5g4sdf543', '15'), ('fd45s3fd5g4sdf543', '17'), ('fd45s3fd5g4sdf543', '13');
INSERT INTO `recipes` (`dishID`, `content`) 
VALUES ('fd45s3fd5g4sdf543', '*Sơ chế\r\nBước 1: Nấu nước dùng phở.\r\nBước 2: Chuẩn bị thịt gà và các nguyên liệu khác.\r\n*Chế biến\r\nBước 1: Luộc phở.\r\nBước 2: Mắc phở.\r\nBước 3: Thêm thịt gà.\r\nBước 4: Cho các gia vị vào tô phở.\r\nBước 5: Thêm rau sống và ớt cắt nhỏ.\r\nBước 6: Thưởng thức.');

-- Chèn món ăn "Bánh mì pate"
INSERT INTO `dishs` (`dishID`, `dishName`, `summary`, `url`, `isDelete`, `created_at`, `updated_at`) 
VALUES ('fd45s3fd5g4sdf544', 'Bánh mì pate', 'Món ăn phổ biến với hương vị thơm ngon của bánh mì và pate.', 'thêm sau', '0', current_timestamp(), current_timestamp());
INSERT INTO `dishingredients` (`dishID`, `ingredientID`, `amount`, `unit`) 
VALUES ('fd45s3fd5g4sdf544', '57', '1', 'cái'), ('fd45s3fd5g4sdf544', '132', '200', 'gram'), ('fd45s3fd5g4sdf544', '58', '1', 'cái'), ('fd45s3fd5g4sdf544', '61', '100', 'gram'), ('fd45s3fd5g4sdf544', '62', '50', 'gram'), ('fd45s3fd5g4sdf544', '11', '10', 'gram'), ('fd45s3fd5g4sdf544', '12', '10', 'ml');
INSERT INTO `dishtypes` (`dishID`, `typeID`) 
VALUES ('fd45s3fd5g4sdf544', '22'), ('fd45s3fd5g4sdf544', '18'), ('fd45s3fd5g4sdf544', '15');
INSERT INTO `recipes` (`dishID`, `content`) 
VALUES ('fd45s3fd5g4sdf544', '*Sơ chế\r\nBước 1: Chuẩn bị bánh mì và các nguyên liệu khác.\r\n*Chế biến\r\nBước 1: Pha chế pate.\r\nBước 2: Làm mỡ hành.\r\nBước 3: Ướp gia vị cho thịt pate.\r\nBước 4: Làm bánh mì.\r\nBước 5: Thoa pate lên bánh mì và thêm rau sống.\r\nBước 6: Thưởng thức.');

-- Chèn món ăn "Bún bò Huế"
INSERT INTO `dishs` (`dishID`, `dishName`, `summary`, `url`, `isDelete`, `created_at`, `updated_at`) 
VALUES ('ffd4546sdf3s4f6d34', 'Bún bò Huế', 'Món ăn nổi tiếng với nước dùng thơm ngon và thịt bò thái mỏng.', 'thêm sau', '0', current_timestamp(), current_timestamp());
INSERT INTO `dishingredients` (`dishID`, `ingredientID`, `amount`, `unit`) 
VALUES ('ffd4546sdf3s4f6d34', '9', '300', 'gram'), ('ffd4546sdf3s4f6d34', '133', '200', 'gram'), ('ffd4546sdf3s4f6d34', '49', '10', 'gram'), ('ffd4546sdf3s4f6d34', '6', '10', 'gram'), ('ffd4546sdf3s4f6d34', '4', '50', 'ml');
INSERT INTO `dishtypes` (`dishID`, `typeID`) 
VALUES ('ffd4546sdf3s4f6d34', '2'), ('ffd4546sdf3s4f6d34', '21'), ('ffd4546sdf3s4f6d34', '15'), ('ffd4546sdf3s4f6d34', '17'), ('ffd4546sdf3s4f6d34', '13');
INSERT INTO `recipes` (`dishID`, `content`) 
VALUES ('ffd4546sdf3s4f6d34', '*Sơ chế\r\nBước 1: Nấu nước dùng bún bò Huế.\r\nBước 2: Chuẩn bị thịt bò và các nguyên liệu khác.\r\n*Chế biến\r\nBước 1: Luộc bún.\r\nBước 2: Mắc bún.\r\nBước 3: Thêm thịt bò.\r\nBước 4: Cho các gia vị vào tô bún.\r\nBước 5: Thêm rau sống và ớt cắt nhỏ.\r\nBước 6: Thưởng thức.');

-- Chèn món ăn "Gỏi cuốn"
INSERT INTO `dishs` (`dishID`, `dishName`, `summary`, `url`, `isDelete`, `created_at`, `updated_at`) 
VALUES ('ffd4sdf54sdf634df3', 'Gỏi cuốn', 'Món ăn ngon và dễ làm từ các nguyên liệu tươi.', 'thêm sau', '0', current_timestamp(), current_timestamp());
INSERT INTO `dishingredients` (`dishID`, `ingredientID`, `amount`, `unit`) 
VALUES ('ffd4sdf54sdf634df3', '56', '200', 'gram'), ('ffd4sdf54sdf634df3', '21', '50', 'gram'), ('ffd4sdf54sdf634df3', '59', '4', 'tấm'), ('ffd4sdf54sdf634df3', '41', '100', 'gram'), ('ffd4sdf54sdf634df3', '22', '50', 'gram');
INSERT INTO `dishtypes` (`dishID`, `typeID`) 
VALUES ('ffd4sdf54sdf634df3', '2'), ('ffd4sdf54sdf634df3', '21'), ('ffd4sdf54sdf634df3', '19'), ('ffd4sdf54sdf634df3', '20');
INSERT INTO `recipes` (`dishID`, `content`) 
VALUES ('ffd4sdf54sdf634df3', '*Sơ chế\r\nBước 1: Chuẩn bị các nguyên liệu.\r\n*Chế biến\r\nBước 1: Ướp gia vị cho thịt.\r\nBước 2: Chế biến các nguyên liệu khác.\r\nBước 3: Làm ướt bánh tráng và xếp thịt và các nguyên liệu lên.\r\nBước 4: Gói chặt và thưởng thức.');

-- Chèn món ăn "Cơm chiên"
INSERT INTO `dishs` (`dishID`, `dishName`, `summary`, `url`, `isDelete`, `created_at`, `updated_at`) 
VALUES ('fdf45s3fd5g4sdf546', 'Cơm chiên', 'Món ăn dễ làm từ cơm và các loại gia vị.', 'thêm sau', '0', current_timestamp(), current_timestamp());
INSERT INTO `dishingredients` (`dishID`, `ingredientID`, `amount`, `unit`) 
VALUES ('fdf45s3fd5g4sdf546', '10', '300', 'gram'), ('fdf45s3fd5g4sdf546', '132', '200', 'gram'), ('fdf45s3fd5g4sdf546', '3', '2', 'quả'), ('fdf45s3fd5g4sdf546', '12', '20', 'ml'), ('fdf45s3fd5g4sdf546', '6', '10', 'gram');
INSERT INTO `dishtypes` (`dishID`, `typeID`) 
VALUES ('fdf45s3fd5g4sdf546', '21'), ('fdf45s3fd5g4sdf546', '18'), ('fdf45s3fd5g4sdf546', '15');
INSERT INTO `recipes` (`dishID`, `content`) 
VALUES ('fdf45s3fd5g4sdf546', '*Sơ chế\r\nBước 1: Chuẩn bị cơm đã nấu.\r\nBước 2: Cắt thịt và các nguyên liệu khác.\r\n*Chế biến\r\nBước 1: Chiên thịt và tỏi.\r\nBước 2: Thêm cơm vào chảo và xào đều với các gia vị.\r\nBước 3: Thêm ớt và nấm vào và xào thêm một lát.\r\nBước 4: Cho trứng vào và xào đều.\r\nBước 5: Dọn ra đĩa và thưởng thức.');

-- Chèn món ăn "Bò bít tết"
INSERT INTO `dishs` (`dishID`, `dishName`, `summary`, `url`, `isDelete`, `created_at`, `updated_at`) 
VALUES ('3fsdfdf45s3fd5g4sdf', 'Bò bít tết', 'Món ăn phổ biến với thịt bò tươi ngon và sốt bơ đặc trưng.', 'thêm sau', '0', current_timestamp(), current_timestamp());
INSERT INTO `dishingredients` (`dishID`, `ingredientID`, `amount`, `unit`) 
VALUES ('3fsdfdf45s3fd5g4sdf', '133', '300', 'gram'), ('3fsdfdf45s3fd5g4sdf', '12', '30', 'ml'), ('3fsdfdf45s3fd5g4sdf', '6', '10', 'gram'), ('3fsdfdf45s3fd5g4sdf', '5', '5', 'gram'), ('3fsdfdf45s3fd5g4sdf', '127', '1', 'quả');
INSERT INTO `dishtypes` (`dishID`, `typeID`) 
VALUES ('3fsdfdf45s3fd5g4sdf', '22'), ('3fsdfdf45s3fd5g4sdf', '21'), ('3fsdfdf45s3fd5g4sdf', '15');
INSERT INTO `recipes` (`dishID`, `content`) 
VALUES ('3fsdfdf45s3fd5g4sdf', '*Sơ chế\r\nBước 1: Chuẩn bị thịt bò và các nguyên liệu khác.\r\n*Chế biến\r\nBước 1: Chiên thịt bò và trứng.\r\nBước 2: Làm sốt bơ.\r\nBước 3: Dọn thịt bò và trứng lên đĩa.\r\nBước 4: Đổ sốt bơ lên mặt.\r\nBước 5: Thêm rau sống và khoai tây chiên.\r\nBước 6: Thưởng thức.');

-- Chèn món ăn "Bánh canh cua"
INSERT INTO `dishs` (`dishID`, `dishName`, `summary`, `url`, `isDelete`, `created_at`, `updated_at`) 
VALUES ('32df3g4df6df3gdf34', 'Bánh canh cua', 'Món ăn truyền thống với bánh canh và cua tươi.', 'thêm sau', '0', current_timestamp(), current_timestamp());
INSERT INTO `dishingredients` (`dishID`, `ingredientID`, `amount`, `unit`) 
VALUES ('32df3g4df6df3gdf34', '60', '100', 'gram'), ('32df3g4df6df3gdf34', '134', '300', 'gram'), ('32df3g4df6df3gdf34', '4', '30', 'ml'), ('32df3g4df6df3gdf34', '6', '10', 'gram'), ('32df3g4df6df3gdf34', '12', '20', 'ml'), ('32df3g4df6df3gdf34', '59', '150', 'gram');
INSERT INTO `dishtypes` (`dishID`, `typeID`) 
VALUES ('32df3g4df6df3gdf34', '2'), ('32df3g4df6df3gdf34', '21'), ('32df3g4df6df3gdf34', '13'), ('32df3g4df6df3gdf34', '15'), ('32df3g4df6df3gdf34', '17');
INSERT INTO `recipes` (`dishID`, `content`) 
VALUES ('32df3g4df6df3gdf34', '*Sơ chế\r\nBước 1: Nấu nước dùng bánh canh.\r\nBước 2: Chuẩn bị cua và các nguyên liệu khác.\r\n*Chế biến\r\nBước 1: Làm sạch cua.\r\nBước 2: Làm sạch các loại rau cải.\r\nBước 3: Nấu bánh canh.\r\nBước 4: Thêm cua vào nồi nước dùng và nấu chín.\r\nBước 5: Dọn ra bát và thêm rau sống.\r\nBước 6: Thưởng thức.');

-- Chèn món ăn "Cá kho tộ"
INSERT INTO `dishs` (`dishID`, `dishName`, `summary`, `url`, `isDelete`, `created_at`, `updated_at`) 
VALUES ('3f45s3fd5g4sdf643df', 'Cá kho tộ', 'Món ăn truyền thống của Việt Nam, cá kho tộ thơm ngon và béo ngậy.', 'thêm sau', '0', current_timestamp(), current_timestamp());
INSERT INTO `dishingredients` (`dishID`, `ingredientID`, `amount`, `unit`) 
VALUES ('3f45s3fd5g4sdf643df', '1', '500', 'gram'), ('3f45s3fd5g4sdf643df', '5', '20', 'gram'), ('3f45s3fd5g4sdf643df', '12', '20', 'ml'), ('3f45s3fd5g4sdf643df', '6', '5', 'gram'), ('3f45s3fd5g4sdf643df', '4', '30', 'ml');
INSERT INTO `dishtypes` (`dishID`, `typeID`) 
VALUES ('3f45s3fd5g4sdf643df', '2'), ('3f45s3fd5g4sdf643df', '21'), ('3f45s3fd5g4sdf643df', '15'), ('3f45s3fd5g4sdf643df', '17');
INSERT INTO `recipes` (`dishID`, `content`) 
VALUES ('3f45s3fd5g4sdf643df', '*Sơ chế\r\nBước 1: Làm sạch cá.\r\nBước 2: Chuẩn bị các gia vị.\r\n*Chế biến\r\nBước 1: Xào tỏi và ớt.\r\nBước 2: Cho cá vào xào chín.\r\nBước 3: Thêm nước mắm, đường và nước.\r\nBước 4: Nấu cho cá mềm và nước thấm đều vào thịt cá.\r\nBước 5: Dọn ra đĩa và thưởng thức.');

-- Chèn món ăn "Bánh mỳ sandwich"
INSERT INTO `dishs` (`dishID`, `dishName`, `summary`, `url`, `isDelete`, `created_at`, `updated_at`) 
VALUES ('df3sdf4d6f3d54f6d4', 'Bánh mỳ sandwich', 'Món ăn tiện lợi và ngon miệng với bánh mỳ và nhân đa dạng.', 'thêm sau', '0', current_timestamp(), current_timestamp());
INSERT INTO `dishingredients` (`dishID`, `ingredientID`, `amount`, `unit`) 
VALUES ('df3sdf4d6f3d54f6d4', '58', '1', 'cái'), ('df3sdf4d6f3d54f6d4', '132', '200', 'gram'), ('df3sdf4d6f3d54f6d4', '56', '100', 'gram'), ('df3sdf4d6f3d54f6d4', '14', '2', 'lát'), ('df3sdf4d6f3d54f6d4', '17', '50', 'gram'), ('df3sdf4d6f3d54f6d4', '57', '1', 'cái'), ('df3sdf4d6f3d54f6d4', '12', '10', 'ml');
INSERT INTO `dishtypes` (`dishID`, `typeID`) 
VALUES ('df3sdf4d6f3d54f6d4', '22'), ('df3sdf4d6f3d54f6d4', '19'), ('df3sdf4d6f3d54f6d4', '15');
INSERT INTO `recipes` (`dishID`, `content`) 
VALUES ('df3sdf4d6f3d54f6d4', '*Sơ chế\r\nBước 1: Chuẩn bị bánh mỳ và các nguyên liệu nhân.\r\n*Chế biến\r\nBước 1: Chuẩn bị nhân sandwich.\r\nBước 2: Làm bánh mỳ sandwich.\r\nBước 3: Thoa nhân lên bánh mỳ.\r\nBước 4: Thêm rau sống và các loại sốt.\r\nBước 5: Thưởng thức.');

-- Chèn món ăn "Gà chiên giòn"
INSERT INTO `dishs` (`dishID`, `dishName`, `summary`, `url`, `isDelete`, `created_at`, `updated_at`) 
VALUES ('ds4f6d3sf4d6f34d6f3', 'Gà chiên giòn', 'Món ăn ngon và bổ dưỡng với gà được chiên giòn vàng.', 'thêm sau', '0', current_timestamp(), current_timestamp());
INSERT INTO `dishingredients` (`dishID`, `ingredientID`, `amount`, `unit`) 
VALUES ('ds4f6d3sf4d6f34d6f3', '132', '500', 'gram'), ('ds4f6d3sf4d6f34d6f3', '6', '10', 'gram'), ('ds4f6d3sf4d6f34d6f3', '12', '30', 'ml'), ('ds4f6d3sf4d6f34d6f3', '5', '5', 'gram'), ('ds4f6d3sf4d6f34d6f3', '14', '2', 'lát');
INSERT INTO `dishtypes` (`dishID`, `typeID`) 
VALUES ('ds4f6d3sf4d6f34d6f3', '22'), ('ds4f6d3sf4d6f34d6f3', '21'), ('ds4f6d3sf4d6f34d6f3', '15');
INSERT INTO `recipes` (`dishID`, `content`) 
VALUES ('ds4f6d3sf4d6f34d6f3', '*Sơ chế\r\nBước 1: Làm sạch gà.\r\nBước 2: Ướp gia vị cho gà.\r\n*Chế biến\r\nBước 1: Chiên gà.\r\nBước 2: Thêm gia vị và chiên thêm.\r\nBước 3: Dọn ra đĩa và thưởng thức.');

-- Chèn món ăn "Bún riêu cua"
INSERT INTO `dishs` (`dishID`, `dishName`, `summary`, `url`, `isDelete`, `created_at`, `updated_at`) 
VALUES ('3fd5g4sdf643df54s3df', 'Bún riêu cua', 'Món ăn ngon và bổ dưỡng với bún và riêu cua thơm ngon.', 'thêm sau', '0', current_timestamp(), current_timestamp());
INSERT INTO `dishingredients` (`dishID`, `ingredientID`, `amount`, `unit`) 
VALUES ('3fd5g4sdf643df54s3df', '9', '200', 'gram'), ('3fd5g4sdf643df54s3df', '134', '300', 'gram'), ('3fd5g4sdf643df54s3df', '4', '50', 'ml'), ('3fd5g4sdf643df54s3df', '6', '10', 'gram'), ('3fd5g4sdf643df54s3df', '12', '20', 'ml');
INSERT INTO `dishtypes` (`dishID`, `typeID`) 
VALUES ('3fd5g4sdf643df54s3df', '2'), ('3fd5g4sdf643df54s3df', '21'), ('3fd5g4sdf643df54s3df', '13'), ('3fd5g4sdf643df54s3df', '15'), ('3fd5g4sdf643df54s3df', '17');
INSERT INTO `recipes` (`dishID`, `content`) 
VALUES ('3fd5g4sdf643df54s3df', '*Sơ chế\r\nBước 1: Làm nước dùng riêu cua.\r\nBước 2: Làm sạch cua và các nguyên liệu khác.\r\n*Chế biến\r\nBước 1: Nấu nước dùng.\r\nBước 2: Nấu bún.\r\nBước 3: Cho cua vào nồi nước dùng và nấu chín.\r\nBước 4: Dọn ra bát và thêm rau sống.\r\nBước 5: Thưởng thức.');

-- Chèn món ăn "Bún ốc"
INSERT INTO `dishs` (`dishID`, `dishName`, `summary`, `url`, `isDelete`, `created_at`, `updated_at`) 
VALUES ('df546df345dfg6d5g46', 'Bún ốc', 'Món ăn đặc trưng với bún và ốc tươi ngon.', 'thêm sau', '0', current_timestamp(), current_timestamp());
INSERT INTO `dishingredients` (`dishID`, `ingredientID`, `amount`, `unit`) 
VALUES ('df546df345dfg6d5g46', '9', '200', 'gram'), ('df546df345dfg6d5g46', '16', '300', 'gram'), ('df546df345dfg6d5g46', '4', '50', 'ml'), ('df546df345dfg6d5g46', '6', '10', 'gram'), ('df546df345dfg6d5g46', '12', '20', 'ml');
INSERT INTO `dishtypes` (`dishID`, `typeID`) 
VALUES ('df546df345dfg6d5g46', '2'), ('df546df345dfg6d5g46', '21'), ('df546df345dfg6d5g46', '13'), ('df546df345dfg6d5g46', '15'), ('df546df345dfg6d5g46', '17');
INSERT INTO `recipes` (`dishID`, `content`) 
VALUES ('df546df345dfg6d5g46', '*Sơ chế\r\nBước 1: Làm nước dùng ốc.\r\nBước 2: Làm sạch ốc và các nguyên liệu khác.\r\n*Chế biến\r\nBước 1: Nấu nước dùng.\r\nBước 2: Nấu bún.\r\nBước 3: Cho ốc vào nồi nước dùng và nấu chín.\r\nBước 4: Dọn ra bát và thêm rau sống.\r\nBước 5: Thưởng thức.');

-- Chèn món ăn "Thịt kho dưa cải"
INSERT INTO `dishs` (`dishID`, `dishName`, `summary`, `url`, `isDelete`, `created_at`, `updated_at`) 
VALUES ('df546df325dfg6d5g97', 'Thịt kho dưa cải', 'Cải muối chua kho với thịt siêu ngon.', 'thêm sau', '0', current_timestamp(), current_timestamp());
INSERT INTO `dishingredients` (`dishID`, `ingredientID`, `amount`, `unit`) 
VALUES ('df546df325dfg6d5g97', '131', '200', 'gram'), ('df546df325dfg6d5g97', '32', '500', 'gram'), ('df546df325dfg6d5g97', '4', '50', 'ml'), ('df546df325dfg6d5g97', '6', '10', 'gram'), ('df546df325dfg6d5g97', '12', '20', 'ml');
INSERT INTO `dishtypes` (`dishID`, `typeID`) 
VALUES ('df546df325dfg6d5g97', '2'), ('df546df325dfg6d5g97', '21');
INSERT INTO `recipes` (`dishID`, `content`) 
VALUES ('df546df325dfg6d5g97', '*Sơ chế\r\nBước 1: Làm sạch rau.\r\nBước 2: Cắt thịt và luộc sơ.\r\n*Chế biến\r\nBước 1: Xào rau trong 15 phút.\r\nBước 2: Xào thịt trong 20 phút.\r\nBước 3: Thêm gia vị và xào đến khi hết nước.\r\nBước 4: Dọn ra bát và thêm rau sống.\r\nBước 5: Thưởng thức.');


INSERT INTO `ratings` (`userID`, `dishID`, `rating`) VALUES ('6610e716d9cfd144092', '3f45s3fd5g4sdf643df', '1'), ('6610e716d9cfd144092', '3fd5g4sdf643df54s3df', '0.8'),('6610e716d9cfd144092', '32df3g4df6df3gdf34', '0.8'),('6610e716d9cfd144092', '3fsdfdf45s3fd5g4sdf', '0.4'),('6610e716d9cfd144092', 'df3sdf4d6f3d54f6d4', '0.5'),('6610e716d9cfd144092', 'df546df325dfg6d5g97', '0.6'),('6610e716d9cfd144092', 'df546df345dfg6d5g46', '0.2'),('6610e716d9cfd144092', 'ds4f6d3sf4d6f34d6f3', '0.1'),('6610e716d9cfd144092', 'fd45s3fd5g4sdf543', '0.3'),('6610e716d9cfd144092', 'fd45s3fd5g4sdf544', '0.2'),('6610e716d9cfd144092', 'fdf45s3fd5g4sdf546', '1'),('6610e716d9cfd144092', 'ffd4546sdf3s4f6d34', '0.8'),('6610e716d9cfd144092', 'ffd4sdf54sdf634df3', '0.9'),('66115ed000ae1258259', '3f45s3fd5g4sdf643df', '0.2'), ('66115ed000ae1258259', '3fd5g4sdf643df54s3df', '0.3'),('66115ed000ae1258259', '32df3g4df6df3gdf34', '0.4'),('66115ed000ae1258259', '3fsdfdf45s3fd5g4sdf', '0.5'),('66115ed000ae1258259', 'df3sdf4d6f3d54f6d4', '1'),('66115ed000ae1258259', 'df546df325dfg6d5g97', '0.9'),('66115ed000ae1258259', 'df546df345dfg6d5g46', '0.8'),('66115ed000ae1258259', 'ds4f6d3sf4d6f34d6f3', '0.8'),('66115ed000ae1258259', 'fd45s3fd5g4sdf543', '0.7'),('66115ed000ae1258259', 'fd45s3fd5g4sdf544', '1'),('66115ed000ae1258259', 'fdf45s3fd5g4sdf546', '0.2'),('66115ed000ae1258259', 'ffd4546sdf3s4f6d34', '0.3'),('66115ed000ae1258259', 'ffd4sdf54sdf634df3', '0.6'),('66115ee270603588242', '3f45s3fd5g4sdf643df', '1'), ('66115ee270603588242', '32df3g4df6df3gdf34', '0.8'),('66115ee270603588242', '3fsdfdf45s3fd5g4sdf', '0.6'),('66115ee270603588242', 'df546df325dfg6d5g97', '0.3'),('66115ee270603588242', 'df546df345dfg6d5g46', '0.4'),('66115ee270603588242', 'ds4f6d3sf4d6f34d6f3', '0.5'),('66115ee270603588242', 'fd45s3fd5g4sdf543', '0.2'),('66115ee270603588242', 'fd45s3fd5g4sdf544', '1'),('66115ee270603588242', 'fdf45s3fd5g4sdf546', '0.8'),('66115ee270603588242', 'ffd4sdf54sdf634df3', '1')